Projectile;tau_LEIR_inj;tau_LEIR_extr;tau_PS_inj;tau_PS_extr
He1;157.2;242.8;3.9;5.4
He2;778707.1;35137796696296.2;657048842779.6;5.774363613999621e+19
O4;125.8;201.7;3.3;4.6
O5;122.9;167.0;2.8;3.8
O8;8773.6;322030788620.2;6021719541.2;5.277348459203062e+17
Mg6;161.1;250.8;4.1;5.5
Mg7;230.4;325.1;5.5;7.7
Ar11;368.7;550.7;9.1;11.9
Ca17;611.7;1504.9;25.4;26.0
Kr22;273.0;761.4;12.4;16.6
In37;152.9;2522.7;42.5;54.3
Xe39;136.5;2164.5;36.5;47.8
Pb54;68.2;2404.4;39.4;47.2
